title,company,hiringOrganization,location,country,timeType,postedOn,postedDate,jobId,url,descriptionText,scrapedAt
Senior Interconnect Product Data Engineer,nvidia,"IL00 Mellanox Technologies, Ltd.","Israel, Yokneam",Israel,Full time,Posted 30+ Days Ago,2026-07-28,JR2021975,https://nvidia.wd5.myworkdayjobs.com/NVIDIAExternalCareerSite/job/Israel-Yokneam/Senior-Interconnect-Product-Data-Engineer_JR2021975,"We are looking for a creative, independent Product Engineer to join NVIDIA’s Networking business unit. For over two decades, NVIDIA Networking has continuously reinvented itself, delivering industry leading high speed interconnect products. Our solutions set the standard for performance, scalability",2026-10-08T12:59:30.357Z
Senior Data Center Engineer,nvidia,"IL00 Mellanox Technologies, Ltd.","Israel, Tel Aviv",Israel,Full time,Posted 30+ Days Ago,2026-08-20,JR2023708,https://nvidia.wd5.myworkdayjobs.com/NVIDIAExternalCareerSite/job/Israel-Tel-Aviv/Senior-Data-Center-Engineer_JR2023708,"Are you a person who likes to work in a fast paced organization? For two decades, NVIDIA has pioneered visual computing, the art and science of computer graphics. With our invention of the GPU - the engine of modern visual computing - the field has expanded to encompass personal computer games, movi",2026-10-08T12:59:29.984Z
SAP MM/PP Master Data Engineer - Enterprise Data Management,nvidia,IN09 Nvidia Graphics Private Limited,"India, Gurugram",India,Full time,Posted 9 Days Ago,2026-09-29,JR2026497,https://nvidia.wd5.myworkdayjobs.com/NVIDIAExternalCareerSite/job/India-Gurugram/SAP-MM-PP-Master-Data-Engineer---Enterprise-Data-Management_JR2026497,"NVIDIA has been transforming computer graphics, PC gaming, and accelerated computing for more than 25 years. It's a unique legacy of innovation that's fueled by great technology—and amazing people. Today, we're tapping into the unlimited potential of AI to define the next era of computing. An era in",2026-10-08T12:59:30.157Z
Senior Data Backend Engineer,nvidia,2100 NVIDIA USA,"US, CA, Santa Clara",United States of America,Full time,Posted 7 Days Ago,2026-10-01,JR2020354,https://nvidia.wd5.myworkdayjobs.com/NVIDIAExternalCareerSite/job/US-CA-Santa-Clara/Senior-Data-Backend-Engineer_JR2020354,"NVIDIA is a global leader in high-speed computer vision, artificial intelligence (AI), and deep learning. Our team develops data engineering solutions that empower AI developers in autonomous vehicle (AV) domains to innovate quickly and effectively at scale. Are you ready to take on a senior technic",2026-10-08T12:59:30.029Z
"Data Application Engineer, Enterprise Data Management",nvidia,2100 NVIDIA USA,"US, CA, Santa Clara",United States of America,Full time,Posted 17 Days Ago,2026-09-21,JR2024551,https://nvidia.wd5.myworkdayjobs.com/NVIDIAExternalCareerSite/job/US-CA-Santa-Clara/Data-Application-Engineer--Enterprise-Data-Management_JR2024551,"We are inviting a highly motivated and experienced Enterprise Data Management – Data Application Engineer (Supply Chain) to join our Business Applications group. This function plays a vital role in our mission to transform computing by leading the creation, oversight, and advancement of enterprise d",2026-10-08T12:59:30.148Z
Data Center Engineering and Operations EHS Engineer,nvidia,2100 NVIDIA USA,"US, CA, Santa Clara",United States of America,Full time,Posted 30+ Days Ago,2026-05-11,JR2017469,https://nvidia.wd5.myworkdayjobs.com/NVIDIAExternalCareerSite/job/US-CA-Santa-Clara/Data-Center-Engineering-and-Operations-EHS-Engineer_JR2017469,"Join NVIDIA’s outstanding team and help redefine the future of computing! In the role of Data Center Engineering and Operations (DCEO) Environmental Health and Safety (EHS) Engineer, you will make sure teams at our locations surpass all applicable EHS regulations and company programs. This is a full",2026-10-08T12:59:30.313Z
"Data Center Engineer, HPC and AI",nvidia,"IL00 Mellanox Technologies, Ltd.","Israel, Yokneam",Israel,Full time,Posted 30+ Days Ago,2026-06-09,JR2019312,https://nvidia.wd5.myworkdayjobs.com/NVIDIAExternalCareerSite/job/Israel-Yokneam/Data-Center-Engineer--HPC-and-AI_JR2019312,"NVIDIA is looking for an HPC and AI Data Center Engineer to join the networking cloud solutions HPC/AI Infrastructure team. We are focused on building supercomputers and HPC clusters based on groundbreaking technologies. We are looking for a lab manager, be a key player to the most exciting computin",2026-10-08T12:59:30.488Z
Product Data Operations Engineering Systems Analyst,nvidia,TW03 NVIDIA (BVI) Holdings Ltd,"Taiwan, Hsinchu",Taiwan,Full time,Posted 30+ Days Ago,2026-06-10,JR2019014,https://nvidia.wd5.myworkdayjobs.com/NVIDIAExternalCareerSite/job/Taiwan-Hsinchu/Product-Data-Operations-Engineering-Systems-Analyst_JR2019014,"Become a member of NVIDIA, a trailblazer in technology, where we consistently expand the frontiers of possibility. As a Product Data Operations Engineering Systems Analyst in Taiwan, you will join a committed team that promotes innovation within our product management initiatives. Located in Hsinchu",2026-10-08T12:59:30.463Z
"Senior Data Infrastructure Engineer, AI Performance",nvidia,CN05 NVIDIA Shanghai WFOE,"China, Shanghai",China,Full time,Posted 30+ Days Ago,2026-08-19,JR2022970,https://nvidia.wd5.myworkdayjobs.com/NVIDIAExternalCareerSite/job/China-Shanghai/Senior-Data-Infrastructure-Engineer--AI-Performance_JR2022970,"NVIDIA’s AI Computing Architecture team develops analytical models and simulators that guide the design of future GPUs, systems, and AI platforms. These tools enable architects to explore large design spaces and understand performance, power, cost, and software trade-offs across constantly evolving ",2026-10-08T12:59:30.472Z
Senior Product Data Operations Engineering Systems Analyst,nvidia,TW03 NVIDIA (BVI) Holdings Ltd,"Taiwan, Hsinchu",Taiwan,Full time,Posted 30+ Days Ago,2026-06-10,JR2018809,https://nvidia.wd5.myworkdayjobs.com/NVIDIAExternalCareerSite/job/Taiwan-Hsinchu/Senior-Product-Data-Operations-Engineering-Systems-Analyst_JR2018809,"NVIDIA has been transforming computer graphics, PC gaming, and accelerated computing for more than 25 years. It’s a unique legacy of innovation that’s motivated by great technology—and amazing people. Today, we’re tapping into the unlimited potential of AI to define the next era of computing. An era",2026-10-08T12:59:30.882Z
